                  epoch,         train/box_loss,         train/cls_loss,         train/dfl_loss,   metrics/precision(B),      metrics/recall(B),       metrics/mAP50(B),    metrics/mAP50-95(B),           val/box_loss,           val/cls_loss,           val/dfl_loss,                 lr/pg0,                 lr/pg1,                 lr/pg2
                      0,                 1.6844,                 3.3973,                 1.6811,                0.79549,                0.89744,                 0.8899,                0.54493,                 1.3352,                 1.4741,                 1.4908,                 0.0856,                 0.0016,                 0.0016
                      1,                 1.4323,                0.92656,                 1.4663,                0.86555,                0.99051,                0.93881,                0.59772,                 1.2752,                0.74528,                 1.3195,               0.069647,              0.0026466,              0.0026466
                      2,                 1.3798,                0.83418,                 1.3943,                0.86478,                      1,                0.96771,                 0.6203,                 1.2886,                0.69021,                 1.2493,                0.05302,                0.00302,                0.00302
                      3,                 1.3431,                0.76686,                 1.3402,                0.88007,                0.87179,                0.92668,                0.55508,                 1.3951,                0.88546,                 1.2954,                0.03572,              0.0027202,              0.0027202
                      4,                 1.3128,                0.68709,                 1.3161,                 0.9186,                0.86821,                0.90527,                0.54131,                 1.4677,                0.81654,                 1.3457,               0.017747,              0.0017472,              0.0017472
